{
  "project_info": {
    "project_number": "203656752181",
    "project_id": "foodhunger-5e8cd",
    "storage_bucket": "foodhunger-5e8cd.appspot.com"
  },
  "client": [
    {
      "client_info": {
        "mobilesdk_app_id": "1:203656752181:android:283e8365ee39135ac2557c",
        "android_client_info": {
          "package_name": "com.sathyaseelan.foodhunger"
        }
      },
      "oauth_client": [],
      "api_key": [
        {
          "current_key": "AIzaSyCtI7utkVHup48xaE9bm-0n22LAH1rD4Jo"
        }
      ],
      "services": {
        "appinvite_service": {
          "other_platform_oauth_client": []
        }
      }
    }
  ],
  "configuration_version": "1"
}